Ticker:,The earliest date of MD&A,The latest date of MD&A,Number of MD&A,The earliest date of price,The latest date of price,Average daily trading volume in USD,Average daily trading volume in USD for 180 days starting 2 years ago
AAPL,2015-04-28,2015-04-28,1,2005-07-15,2020-07-10,46570800.772,13903827.912
FB,2012-07-31,2019-10-30,3,2012-05-18,2020-07-10,26730677.12,14760665.961
AMZN,2008-04-24,2014-10-23,9,2005-07-15,2020-07-10,17351890.328,2694010.754
MSFT,2008-01-24,2019-04-24,34,2005-07-15,2020-07-10,16587354.004,11491788.782
BAC,2008-05-08,2019-10-28,16,2005-07-15,2020-07-10,15531939.431,3849532.018
TSLA,2011-11-14,2019-04-29,11,2010-06-29,2020-07-10,14306983.527,352635.969
C,2008-05-02,2019-11-01,36,2005-07-15,2020-07-10,11879922.86,4976154.236
JPM,2008-05-12,2019-11-04,37,2005-07-15,2020-07-10,10011308.827,2458524.29
NFLX,2009-05-07,2012-08-01,4,2005-07-15,2020-07-10,9200029.004,344242.613
INTC,2013-04-29,2017-10-26,15,2005-07-15,2020-07-10,8865220.737,9101682.835
ROKU,2017-11-09,2019-05-10,4,2017-09-28,2020-07-10,8719301.112,2703718.228
GE,2008-07-25,2019-10-30,25,2005-07-15,2020-07-10,8603675.459,4546740.387
GS,2012-05-09,2019-08-05,23,2005-07-15,2020-07-10,8173784.329,3653065.353
CSCO,2008-02-19,2019-11-19,36,2005-07-15,2020-07-10,7951268.509,7562382.576
UBER,2019-06-03,2019-11-05,3,2019-05-10,2020-07-10,7694863.588,6185544.798
BYND,2019-06-12,2019-11-12,3,2019-05-02,2020-07-10,7379141.277,6720471.165
NVDA,2008-08-21,2019-11-14,26,2005-07-15,2020-07-10,7200776.326,1478514.343
MU,2011-07-12,2019-06-26,26,2009-12-30,2020-07-10,7117100.089,3007719.891
TWTR,2014-05-08,2019-04-30,16,2013-11-07,2020-07-10,6525938.764,9632518.402
PFE,2009-05-08,2019-11-07,25,2005-07-15,2020-07-10,6381725.402,3758703.816
BA,2008-04-23,2019-10-23,36,2005-07-15,2020-07-10,6332618.149,1643938.296
ORCL,2008-04-01,2019-12-13,36,2005-07-15,2020-07-10,6168917.439,4656677.982
JNJ,2009-08-04,2019-10-28,26,2005-07-15,2020-07-10,6037438.423,3208852.39
QCOM,2008-01-23,2019-07-31,36,2005-07-15,2020-07-10,5847637.838,4121408.84
T,2018-11-02,2018-11-02,1,2005-07-15,2020-07-10,5792648.97,1481028.834
WMT,2011-12-08,2019-12-04,26,2005-07-15,2020-07-10,5736511.476,4229237.501
PG,2008-05-01,2015-01-27,12,2005-07-15,2020-07-10,5428904.351,2823957.376
IBM,2008-04-29,2019-10-29,35,2005-07-15,2020-07-10,5381265.995,2928391.917
DIS,2019-05-08,2019-08-06,2,2005-07-15,2020-07-10,5306668.697,1835859.456
AVGO,2018-06-14,2019-09-13,5,2016-02-02,2020-07-10,5250263.775,3329629.627
PYPL,2015-07-29,2019-10-24,14,2015-07-06,2020-07-10,5131595.2,3530344.676
CMCSA,2008-05-01,2019-10-24,36,2005-07-15,2020-07-10,4807086.325,1987170.99
SLB,2011-07-27,2019-04-24,14,2005-07-15,2020-07-10,4671537.188,3942551.175
SQ,2016-05-06,2019-11-06,12,2015-11-19,2020-07-10,4638605.903,350798.104
HD,2008-06-04,2019-11-25,12,2005-07-15,2020-07-10,4605934.9,2287214.653
VZ,2019-04-26,2019-10-30,3,2005-07-15,2020-07-10,4567727.234,1604224.646
FCX,2008-05-12,2019-11-06,36,2005-07-15,2020-07-10,4521669.375,979132.767
MA,2008-04-29,2019-10-29,26,2006-05-25,2020-07-10,4491541.416,1999117.754
MRK,2010-05-07,2019-11-05,26,2005-07-15,2020-07-10,4455817.501,1577047.244
KO,2008-04-25,2019-10-24,37,2005-07-15,2020-07-10,4236231.748,1514545.918
DD,2018-05-04,2019-10-31,6,2017-09-01,2020-07-10,4170304.361,4884870.26
ABBV,2013-05-08,2019-11-06,21,2012-12-10,2020-07-10,4164205.681,1778295.957
EBAY,2010-10-20,2011-07-21,3,2005-07-15,2020-07-10,4099871.824,5851251.135
UNH,2018-08-07,2018-08-07,1,2005-07-15,2020-07-10,4022835.597,2631908.913
CAT,2008-05-02,2019-10-31,35,2005-07-15,2020-07-10,4003599.328,1610005.767
MS,2016-11-02,2019-11-05,10,2005-07-15,2020-07-10,3998765.746,1792982.914
MCD,2008-05-06,2019-11-04,36,2005-07-15,2020-07-10,3983962.993,1415073.476
AMGN,2011-05-10,2019-10-29,23,2005-07-15,2020-07-10,3971301.743,5193573.454
AIG,2008-05-08,2019-11-01,36,2005-07-15,2020-07-10,3965560.867,3405583.766
COP,2008-04-30,2019-10-31,35,2005-07-15,2020-07-10,3943776.56,3280787.413
HAL,2012-07-27,2019-10-25,23,2005-07-15,2020-07-10,3907048.431,3629441.592
SNAP,2017-08-10,2019-04-23,5,2017-03-02,2020-07-10,3660930.742,4524165.785
F,2011-05-10,2019-10-23,27,2005-07-15,2020-07-10,3650295.638,909806.777
HPQ,2008-03-10,2019-08-29,36,2005-07-15,2020-07-10,3578554.366,2493899.812
CVS,2008-05-01,2019-11-06,36,2005-07-15,2020-07-10,3394661.824,972918.72
SBUX,2008-02-07,2019-07-30,28,2005-07-15,2020-07-10,3306490.39,1253199.656
AXP,2008-05-02,2019-10-21,9,2005-07-15,2020-07-10,3210052.898,2109158.766
BMY,2009-04-28,2019-10-31,33,2005-07-15,2020-07-10,3161261.548,915408.519
LYFT,2019-05-14,2019-08-13,2,2019-03-29,2020-07-10,3150053.114,3340823.976
WBA,2016-01-07,2019-06-27,8,2014-12-31,2020-07-10,3124626.212,2848643.205
CRM,2008-05-23,2019-12-04,31,2005-07-15,2020-07-10,3090306.222,450497.384
PM,2012-05-04,2019-10-24,24,2008-03-17,2020-07-10,3025761.766,2741547.497
LOW,2008-09-03,2019-12-03,25,2005-07-15,2020-07-10,3022656.172,1843104.642
TGT,2008-06-02,2019-11-27,36,2005-07-15,2020-07-10,2978823.745,1518485.074
NKE,2013-10-07,2019-10-04,19,2005-07-15,2020-07-10,2937775.993,1230903.193
AMAT,2012-02-27,2019-08-22,24,2005-07-15,2020-07-10,2914932.791,3132303.566
UNP,2008-04-24,2019-10-17,36,2005-07-15,2020-07-10,2878054.714,694034.488
ABT,2014-05-07,2019-10-31,18,2005-07-15,2020-07-10,2869074.212,1348696.519
OXY,2008-08-05,2019-11-04,19,2005-07-15,2020-07-10,2817563.463,1624893.169
ADBE,2008-04-04,2019-09-26,29,2005-07-15,2020-07-10,2815571.368,1769004.81
BIIB,2012-05-01,2019-10-22,24,2005-07-15,2020-07-10,2812082.704,1363221.01
MDT,2015-02-27,2019-08-30,14,2005-07-15,2020-07-10,2778693.963,1504396.4
VLO,2008-05-09,2019-11-07,17,2005-07-15,2020-07-10,2760308.622,5209073.202
MO,2008-08-07,2019-10-31,23,2005-07-15,2020-07-10,2714433.992,2197669.353
MMM,2008-05-02,2019-10-25,36,2005-07-15,2020-07-10,2668546.459,1381980.711
DAL,2009-04-23,2019-10-10,33,2007-04-26,2020-07-10,2646949.567,618190.281
USB,2008-05-12,2019-11-07,32,2005-07-15,2020-07-10,2577556.658,755531.31
RIG,2009-05-06,2019-04-30,14,2005-07-15,2020-07-10,2557152.074,2044202.015
EOG,2010-08-05,2019-11-06,25,2005-07-15,2020-07-10,2554448.027,1829344.507
NEM,2010-04-27,2019-11-05,16,2005-07-15,2020-07-10,2541652.976,2446053.201
LVS,2009-11-06,2019-10-25,25,2005-07-15,2020-07-10,2507181.374,375578.484
LLY,2009-10-30,2019-10-25,27,2005-07-15,2020-07-10,2489705.361,1203364.451
COST,2008-03-28,2019-12-20,36,2005-07-15,2020-07-10,2479580.439,925755.823
TWLO,2016-08-09,2019-10-31,11,2016-06-23,2020-07-10,2479545.513,2060891.26
FSLR,2008-05-01,2019-10-24,33,2006-11-17,2020-07-10,2413876.747,1154104.097
DE,2010-03-01,2019-08-29,12,2005-07-15,2020-07-10,2299637.043,890514.689
UPS,2009-05-07,2019-10-29,33,2005-07-15,2020-07-10,2296691.873,1130222.835
HON,2008-10-17,2019-10-17,4,2005-07-15,2020-07-10,2282173.606,934919.857
FDX,2008-03-20,2019-03-19,34,2005-07-15,2020-07-10,2272688.295,1317653.236
NVR,2015-05-01,2017-07-28,8,2005-07-15,2020-07-10,2259402.087,485136.829
KHC,2015-11-06,2019-10-31,15,2015-07-06,2020-07-10,2249157.668,2126267.547
PINS,2019-05-16,2019-10-31,3,2019-04-18,2020-07-10,2244831.212,1912021.841
APA,2008-05-12,2018-11-01,7,2005-07-15,2020-07-10,2227833.149,1748809.355
DVN,2008-05-08,2019-11-06,29,2005-07-15,2020-07-10,2202959.974,1761303.727
KMI,2011-05-06,2019-10-18,27,2011-02-11,2020-07-10,2193014.568,391107.59
MPC,2011-08-09,2019-11-04,26,2011-06-23,2020-07-10,2155436.219,1085210.015
MET,2008-05-09,2019-11-04,33,2005-07-15,2020-07-10,2155228.16,691806.737
ANTM,2009-04-22,2011-10-26,7,2005-07-15,2020-07-10,2153195.365,1587600.536
COF,2008-05-08,2019-10-31,33,2005-07-15,2020-07-10,2094472.931,1449203.039
CMG,2009-10-27,2019-10-22,16,2006-01-26,2020-07-10,2045941.845,317099.31
DOW,2019-05-03,2019-10-25,3,2019-03-20,2020-07-10,2043897.857,2086271.66
MRO,2009-11-06,2019-11-07,26,2005-07-15,2020-07-10,2000704.46,1379033.467
EA,2008-02-04,2008-11-06,3,2005-07-15,2020-07-10,1952895.868,1866076.403
HES,2008-05-09,2019-05-01,19,2006-05-09,2020-07-10,1936100.778,1380156.409
NOV,2008-05-09,2019-04-26,10,2005-07-15,2020-07-10,1935485.591,1104629.337
LMT,2008-04-24,2019-10-24,34,2005-07-15,2020-07-10,1904184.513,793418.639
ATVI,2008-02-11,2019-11-07,32,2005-07-15,2020-07-10,1885795.569,556604.755
PSX,2012-05-16,2019-10-25,24,2012-04-12,2020-07-10,1883296.9,1329287.833
DHR,2008-04-16,2019-10-23,36,2005-07-15,2020-07-10,1877311.571,672008.908
BK,2008-05-09,2014-11-07,17,2005-07-15,2020-07-10,1876694.049,618555.691
TJX,2008-05-23,2019-08-30,13,2005-07-15,2020-07-10,1858137.41,509584.366
ISRG,2011-10-19,2019-10-18,3,2005-07-15,2020-07-10,1841124.941,1027645.741
MGM,2008-05-09,2017-11-09,24,2005-07-15,2020-07-10,1837999.564,652659.606
NOW,2012-08-10,2019-10-24,22,2012-06-29,2020-07-10,1832089.05,304342.383
TMO,2015-05-01,2019-11-01,13,2005-07-15,2020-07-10,1824816.477,228304.937
GLW,2008-10-30,2019-05-03,21,2005-07-15,2020-07-10,1822437.191,1720753.247
NEE,2011-11-04,2019-10-23,25,2010-06-24,2020-07-10,1799193.106,690221.191
ACN,2009-12-18,2019-12-19,31,2005-07-15,2020-07-10,1796342.932,519075.858
LYB,2011-11-01,2019-11-01,24,2010-10-14,2020-07-10,1776330.294,860900.161
CTSH,2008-11-07,2019-10-31,23,2005-07-15,2020-07-10,1743316.497,614890.743
BBY,2008-01-10,2019-12-06,12,2005-07-15,2020-07-10,1740791.304,1559500.608
MYL,2015-05-07,2019-11-05,15,2008-12-29,2020-07-10,1732644.522,1043183.88
CI,2019-05-02,2019-05-02,1,2005-07-18,2020-07-10,1720012.126,1110261.14
BSX,2008-05-08,2013-11-05,5,2005-07-15,2020-07-10,1713184.893,1518541.734
CL,2011-10-27,2019-11-01,25,2005-07-15,2020-07-10,1708334.281,661817.963
HLT,2014-05-09,2019-07-24,17,2013-12-12,2020-07-10,1699680.278,794430.767
BAX,2008-05-02,2013-10-30,13,2005-07-15,2020-07-10,1695470.474,617085.897
KR,2010-06-28,2019-12-17,22,2005-07-15,2020-07-10,1688694.113,463518.743
PANW,2012-12-10,2016-11-21,9,2012-07-20,2020-07-10,1687510.478,419955.454
DOCU,2018-06-08,2019-12-06,6,2018-04-27,2020-07-10,1661694.69,906502.945
AMT,2009-08-06,2019-10-31,16,2005-07-15,2020-07-10,1655579.416,638609.644
PXD,2012-08-06,2018-11-08,20,2005-07-15,2020-07-10,1648631.117,800683.632
LRCX,2008-03-31,2015-02-03,7,2005-07-15,2020-07-10,1640668.589,837960.074
EXC,2008-04-24,2017-11-02,26,2005-07-15,2020-07-10,1630832.965,786075.624
SPG,2008-05-09,2019-11-06,39,2005-07-15,2020-07-10,1629462.309,459746.593
TTD,2016-11-10,2019-05-09,8,2016-09-21,2020-07-10,1618416.371,260899.356
HPE,2016-03-10,2019-08-30,12,2015-10-19,2020-07-10,1606082.054,1595723.179
CCL,2015-07-01,2019-09-26,15,2005-07-15,2020-07-10,1591275.018,981138.174
LUV,2008-07-25,2019-11-08,29,2005-07-15,2020-07-10,1585131.57,501171.068
CPRI,2013-08-08,2019-11-07,20,2011-12-15,2020-07-10,1584209.174,1173619.929
MCK,2008-02-01,2019-10-30,35,2005-07-15,2020-07-10,1577943.099,588380.066
SYF,2014-09-05,2019-10-24,17,2014-07-31,2020-07-10,1577239.314,388337.479
STT,2008-05-09,2019-10-25,36,2005-07-15,2020-07-10,1567762.066,604472.514
MSI,2008-05-07,2019-10-30,38,2005-07-15,2020-07-10,1561926.266,3118759.477
ICE,2013-08-07,2019-10-31,5,2005-11-16,2020-07-10,1556152.355,622165.642
HUM,2008-04-29,2019-11-06,35,2005-07-15,2020-07-10,1545723.389,680729.736
EMR,2012-05-02,2019-08-07,23,2005-07-15,2020-07-10,1536820.432,637252.05
NSC,2011-04-29,2019-10-23,27,2005-07-15,2020-07-10,1533926.201,632778.785
CME,2010-05-07,2010-05-07,1,2005-07-15,2020-07-10,1533704.842,1536981.137
PRU,2008-05-01,2019-11-05,37,2005-07-15,2020-07-10,1518681.433,839146.702
KSS,2011-09-13,2019-12-06,24,2005-07-15,2020-07-10,1514586.49,1158455.842
CMI,2010-04-29,2019-10-29,30,2005-07-15,2020-07-10,1506875.459,460837.125
MRVL,2008-06-06,2019-12-04,30,2005-07-15,2020-07-10,1497808.793,1957065.405
NTAP,2009-03-02,2019-02-19,25,2005-07-15,2020-07-10,1485009.013,1078681.348
ADP,2012-11-02,2019-11-04,22,2008-10-21,2020-07-10,1469318.179,1224683.335
LULU,2012-06-07,2019-12-11,23,2007-07-27,2020-07-10,1455436.848,401404.915
TRV,2008-04-24,2019-10-22,31,2005-07-15,2020-07-10,1454270.675,802438.547
SWN,2009-04-27,2019-10-24,29,2005-07-15,2020-07-10,1450276.519,1203215.506
DUK,2008-05-09,2019-11-08,34,2005-07-15,2020-07-10,1445169.555,447713.762
FOXA,2019-05-10,2019-05-10,1,2019-03-13,2020-07-10,1441706.572,1647912.685
SO,2008-05-07,2019-10-29,36,2005-07-15,2020-07-10,1390039.435,354759.282
GD,2008-05-06,2019-10-23,35,2005-07-15,2020-07-10,1388532.115,658209.747
EXPE,2008-05-01,2019-11-06,31,2005-07-20,2020-07-10,1370027.174,359477.297
VMW,2008-05-09,2019-12-06,25,2007-08-14,2020-07-10,1369426.971,2301182.843
ADSK,2011-12-06,2011-12-06,1,2005-07-15,2020-07-10,1365972.928,1047621.954
INTU,2008-02-29,2019-11-21,36,2005-07-15,2020-07-10,1358414.094,688872.716
WMB,2008-05-01,2019-10-31,36,2005-07-15,2020-07-10,1345903.853,471203.218
NOC,2011-10-26,2019-10-24,25,2005-07-15,2020-07-10,1341228.725,581173.27
TMUS,2008-05-09,2019-10-28,36,2007-04-19,2020-07-10,1338342.165,450096.648
AZO,2008-06-12,2019-12-20,23,2005-07-15,2020-07-10,1337150.597,747519.727
CTVA,2019-05-31,2019-05-31,1,2019-05-24,2020-07-10,1322236.283,1448705.695
GIS,2008-03-19,2018-12-19,30,2005-07-15,2020-07-10,1304619.852,463563.069
KMB,2010-05-07,2019-10-22,31,2005-07-15,2020-07-10,1304117.418,541185.036
CFG,2014-11-14,2019-11-06,17,2014-09-24,2020-07-10,1297917.671,639937.315
VRTX,2008-05-12,2019-10-31,36,2005-07-15,2020-07-10,1287709.042,378875.42
STX,2010-02-01,2019-02-04,14,2008-09-16,2020-07-10,1280684.312,425823.937
CLF,2008-07-31,2019-10-23,30,2005-07-18,2020-07-10,1279142.187,377783.302
ALL,2008-11-05,2019-10-29,33,2005-07-15,2020-07-10,1271435.812,1123721.82
PRGO,2013-11-04,2019-11-06,20,2013-06-06,2020-07-10,1267377.096,1441332.767
SIRI,2008-08-11,2014-10-28,16,2005-07-15,2020-07-10,1266453.975,2503548.865
CTXS,2009-11-04,2019-11-01,26,2005-07-15,2020-07-10,1264113.163,504928.972
ADM,2013-08-07,2019-10-31,17,2005-07-15,2020-07-10,1261408.317,576331.811
TPR,2015-11-04,2019-11-07,13,2005-07-15,2020-07-10,1258405.946,575145.764
RF,2012-05-03,2019-11-06,22,2005-07-15,2020-07-10,1257007.043,232344.398
GPRO,2014-08-11,2019-11-07,17,2014-06-26,2020-07-10,1251219.588,4908560.29
ITW,2012-10-26,2019-10-28,22,2005-07-15,2020-07-10,1250602.28,639624.694
AKAM,2008-05-12,2019-11-08,36,2005-07-15,2020-07-10,1250345.539,437344.703
DLTR,2013-05-23,2019-11-26,21,2005-07-15,2020-07-10,1249439.128,247089.215
NUE,2010-11-10,2019-11-06,26,2005-07-15,2020-07-10,1241103.12,943202.914
CB,2009-08-07,2015-04-29,12,2005-07-15,2020-07-10,1239262.844,511379.471
DXC,2017-08-09,2019-11-12,8,2017-03-16,2020-07-10,1233509.639,1286084.319
LEN,2009-07-10,2019-10-08,25,2005-07-15,2020-07-10,1232195.193,1195437.891
FITB,2008-05-09,2019-11-08,36,2005-07-15,2020-07-10,1223467.962,550591.776
BDX,2009-05-06,2019-08-06,30,2005-07-15,2020-07-10,1222172.889,377590.716
D,2008-05-01,2019-05-03,31,2005-07-15,2020-07-10,1217780.514,626913.84
SPLK,2012-06-12,2018-12-07,21,2012-04-19,2020-07-10,1216584.319,298908.591
SEB,2011-11-08,2019-10-30,14,2005-07-15,2020-07-10,1213054.889,299012.146
SHW,2008-04-24,2019-10-22,35,2005-07-15,2020-07-10,1210680.749,501107.93
AA,2018-08-02,2019-05-09,3,2016-10-18,2020-07-10,1210122.022,1326981.609
HIG,2008-04-28,2019-11-04,37,2005-07-15,2020-07-10,1198902.35,708165.84
GPS,2008-06-10,2008-12-09,3,2005-07-15,2020-07-10,1196087.791,602969.358
ELAN,2018-11-08,2019-08-13,3,2018-09-20,2020-07-10,1195015.236,1375445.578
DFS,2011-07-01,2011-07-01,1,2007-06-14,2020-07-10,1194071.406,809520.592
EL,2008-02-01,2019-10-31,34,2005-07-15,2020-07-10,1179518.5,398683.1
AFL,2008-05-08,2019-10-25,34,2005-07-15,2020-07-10,1172618.969,476479.886
RCL,2008-04-24,2019-10-30,31,2005-07-15,2020-07-10,1170224.379,509014.278
W,2015-11-12,2019-10-31,13,2014-10-02,2020-07-10,1155910.995,240069.711
APTV,2012-04-26,2019-10-30,24,2011-11-17,2020-07-10,1152247.421,511591.003
DHI,2008-02-07,2019-07-30,35,2005-07-15,2020-07-10,1139557.083,764799.082
FFIV,2008-02-08,2012-08-07,13,2005-07-15,2020-07-10,1118755.006,564704.961
NBL,2010-04-29,2019-11-07,26,2005-07-15,2020-07-10,1117810.038,555141.809
STZ,2008-07-10,2014-01-09,14,2005-07-15,2020-07-10,1105537.852,297419.244
KEY,2008-05-06,2019-10-31,36,2005-07-15,2020-07-10,1105291.578,300062.566
BBBY,2008-01-10,2019-10-15,33,2005-07-15,2020-07-10,1103590.712,915627.77
SPGI,2008-04-30,2019-10-29,35,2005-07-15,2020-07-10,1101919.009,485582.296
ROST,2012-12-05,2019-09-10,22,2005-07-15,2020-07-10,1100483.057,323816.28
FSLY,2019-08-09,2019-11-08,2,2019-05-17,2020-07-10,1098080.169,289353.005
ANET,2014-08-07,2019-10-31,17,2014-06-06,2020-07-10,1095439.866,349672.559
APD,2008-01-25,2019-07-25,30,2005-07-15,2020-07-10,1091943.047,419702.62
FTV,2016-08-02,2019-10-24,11,2016-06-13,2020-07-10,1078738.933,797033.92
CAH,2011-02-08,2019-11-07,24,2005-07-15,2020-07-10,1075084.558,772330.904
RRC,2008-04-23,2017-10-24,14,2005-07-15,2020-07-10,1073969.02,304136.337
A,2008-03-07,2019-08-30,35,2005-07-15,2020-07-10,1062200.007,956607.163
NE,2009-08-07,2019-10-31,26,2005-07-18,2020-07-10,1056604.276,1221609.822
TIF,2010-12-01,2019-12-05,23,2005-07-15,2020-07-10,1056560.891,404033.746
FEYE,2013-11-14,2019-11-01,19,2013-09-20,2020-07-10,1054513.714,1460592.391
COG,2009-04-30,2019-10-25,26,2005-07-15,2020-07-10,1052184.534,212757.949
SYY,2008-02-05,2019-11-04,25,2005-07-15,2020-07-10,1051063.951,487601.475
PH,2012-11-02,2019-11-06,22,2005-07-15,2020-07-10,1035471.899,342931.144
AEP,2008-05-01,2019-10-24,23,2005-07-15,2020-07-10,1033065.117,304928.222
VFC,2008-05-07,2019-10-31,31,2005-07-15,2020-07-10,1027820.025,241681.901
NTNX,2016-12-07,2019-12-05,10,2016-09-30,2020-07-10,1016847.379,616068.264
MDB,2017-12-14,2017-12-14,1,2017-10-19,2020-07-10,1013032.47,235968.352
GRUB,2014-05-15,2019-05-10,16,2014-04-04,2020-07-10,1012404.252,302265.005
TSN,2009-02-02,2009-08-03,3,2005-07-15,2020-07-10,1010161.839,226915.62
FISV,2008-05-09,2019-11-07,20,2005-07-15,2020-07-10,1008116.072,580292.797
PHM,2008-05-07,2019-10-22,27,2005-07-15,2020-07-10,1006195.154,1046644.711
DBX,2018-05-11,2019-11-08,6,2018-03-23,2020-07-10,1005648.183,1350064.071
PPG,2008-07-28,2019-10-18,26,2005-07-15,2020-07-10,1002901.472,355316.563
FIS,2008-05-08,2019-11-05,30,2005-07-15,2020-07-10,988402.706,210250.929
AON,2009-05-08,2019-10-25,31,2005-07-15,2020-07-10,985563.953,471531.798
WHR,2008-04-24,2014-10-28,20,2005-07-15,2020-07-10,966806.982,544632.163
NBR,2008-10-31,2019-11-01,22,2005-07-15,2020-07-10,962994.555,1558180.785
MCO,2008-05-08,2019-08-01,6,2005-07-15,2020-07-10,956345.903,536990.777
ABC,2009-02-05,2019-08-01,32,2005-07-15,2020-07-10,946867.147,515910.435
KLAC,2011-01-27,2011-04-28,2,2005-07-15,2020-07-10,945166.051,1083841.689
EVRG,2018-08-08,2019-11-06,5,2018-06-05,2020-07-10,944509.761,807469.899
JWN,2008-06-10,2019-12-04,35,2005-07-15,2020-07-10,929880.109,474775.316
UAA,2008-05-07,2019-11-08,31,2005-11-18,2020-07-10,925514.013,377925.106
RL,2008-08-07,2019-11-07,30,2005-07-15,2020-07-10,924173.635,293821.931
ATUS,2017-08-03,2019-11-05,8,2017-06-22,2020-07-10,921215.854,373461.799
WM,2019-07-25,2019-10-23,2,2005-07-15,2020-07-10,913907.332,426231.482
MMC,2008-05-08,2019-10-30,26,2005-07-15,2020-07-10,913535.172,498954.251
K,2008-05-07,2019-10-30,36,2005-07-15,2020-07-10,912333.243,335630.949
FE,2010-08-03,2019-11-04,29,2005-07-15,2020-07-10,909908.608,292825.66
FLR,2008-05-12,2019-10-31,35,2005-07-15,2020-07-10,905547.817,486547.68
ETFC,2008-05-09,2019-10-31,36,2005-07-15,2020-07-10,904551.289,778359.309
MCHP,2010-11-08,2019-11-06,26,2005-07-15,2020-07-10,899491.432,305753.131
IQV,2013-10-31,2018-07-27,14,2013-05-09,2020-07-10,893689.85,243219.656
AAP,2008-11-12,2019-11-12,22,2005-07-15,2020-07-10,892618.51,379155.087
ADS,2016-11-07,2019-11-06,10,2005-07-15,2020-07-10,891009.889,306978.233
PGR,2008-05-06,2019-11-06,21,2005-07-15,2020-07-10,889935.205,524332.698
OMC,2008-07-24,2019-10-15,28,2005-07-15,2020-07-10,886374.9,521833.411
NRG,2008-05-01,2019-08-07,32,2005-07-15,2020-07-10,881685.177,478983.417
PCAR,2008-05-02,2017-08-04,17,2005-07-15,2020-07-10,872019.444,322168.959
CAG,2009-04-01,2019-04-02,27,2005-07-15,2020-07-10,867892.297,319913.796
MNK,2019-05-07,2019-11-05,3,2013-06-17,2020-07-10,866098.233,471868.103
PE,2014-08-14,2019-11-07,16,2014-05-23,2020-07-10,855121.314,280389.636
SRE,2016-11-02,2019-11-01,10,2005-07-15,2020-07-10,849177.493,270877.433
TOL,2012-06-07,2019-09-05,23,2005-07-15,2020-07-10,843374.61,1596752.741
AMP,2008-05-06,2019-11-12,35,2005-09-15,2020-07-10,842206.115,449440.471
EIX,2008-05-08,2019-10-29,36,2005-07-15,2020-07-10,836356.032,380638.738
LH,2008-04-30,2019-10-31,35,2005-07-15,2020-07-10,832436.041,358734.436
TEL,2008-02-07,2019-07-26,36,2007-06-14,2020-07-10,830206.218,645248.853
PLAN,2018-12-10,2019-12-09,4,2018-10-12,2020-07-10,829424.8,443311.641
URBN,2014-06-09,2014-06-09,1,2005-07-15,2020-07-10,827347.547,806036.265
DISH,2008-08-04,2019-11-07,21,2005-07-18,2020-07-10,826421.22,387333.842
BEN,2011-05-03,2019-07-30,26,2005-07-15,2020-07-10,826042.942,494963.658
GWW,2008-07-31,2019-10-23,29,2005-07-15,2020-07-10,823963.781,212429.513
CERN,2008-05-08,2019-10-25,36,2005-07-15,2020-07-10,819720.154,336762.324
FTI,2017-05-04,2019-11-12,10,2005-07-15,2020-07-10,816197.472,242738.277
HOG,2009-04-30,2019-11-07,27,2005-07-15,2020-07-10,813590.891,704926.978
LNC,2016-05-05,2019-05-02,10,2005-07-15,2020-07-10,813096.788,412201.712
ROK,2009-05-07,2019-07-25,29,2005-07-15,2020-07-10,806017.464,360343.289
MAS,2008-04-30,2014-10-28,10,2005-07-15,2020-07-10,803533.111,481871.53
VRSN,2008-05-12,2019-10-25,25,2005-07-15,2020-07-10,803515.435,934434.114
AMTD,2008-05-08,2019-08-01,32,2005-07-15,2020-07-10,799312.285,597289.591
CLX,2008-02-04,2019-10-31,31,2005-07-15,2020-07-10,796571.394,358436.053
TXT,2008-10-29,2019-10-23,20,2005-07-15,2020-07-10,796207.584,521404.404
PAYX,2008-03-26,2019-12-20,32,2005-07-15,2020-07-10,793363.353,457271.19
FIT,2015-08-07,2019-11-07,14,2015-06-18,2020-07-10,791478.536,2281901.779
VMC,2008-08-06,2019-05-03,30,2005-07-15,2020-07-10,788982.963,310149.275
EQR,2011-08-05,2019-05-06,7,2005-07-15,2020-07-10,784935.831,258180.792
ED,2008-05-02,2019-11-04,36,2005-07-15,2020-07-10,783119.231,233097.779
KMX,2011-10-07,2019-10-04,25,2005-07-15,2020-07-10,780846.94,303640.529
DISCA,2009-05-04,2019-11-07,33,2005-07-15,2020-07-10,775619.957,306679.289
DRI,2009-10-08,2019-10-01,31,2005-07-15,2020-07-10,771475.054,269541.133
CIEN,2008-06-06,2019-09-11,32,2005-07-15,2020-07-10,764292.996,407074.276
FAST,2008-04-25,2019-10-16,37,2005-07-15,2020-07-10,763977.007,274439.228
ETR,2011-05-09,2019-11-05,27,2005-07-15,2020-07-10,763464.696,437584.74
MXIM,2008-09-30,2019-10-30,28,2005-07-15,2020-07-10,761012.582,1040104.401
NTRS,2014-10-31,2019-10-28,16,2005-07-15,2020-07-10,760013.127,368478.808
CHRW,2015-08-10,2019-11-04,14,2005-07-15,2020-07-10,758493.559,271113.342
CMA,2008-04-29,2019-10-30,35,2005-07-15,2020-07-10,754193.313,343160.801
ANF,2008-12-05,2019-12-11,4,2005-07-15,2020-07-10,749575.959,921361.509
VICI,2017-11-13,2017-11-13,1,2017-10-18,2020-07-10,749405.958,451733.476
BXP,2008-05-12,2019-11-08,36,2005-07-15,2020-07-10,743828.525,236758.714
ETSY,2015-05-21,2019-10-31,15,2015-04-16,2020-07-10,743235.986,210135.946
MHK,2010-05-03,2012-05-04,6,2005-07-15,2020-07-10,735860.001,309023.573
HTZ,2016-08-08,2016-11-07,2,2016-06-20,2020-07-10,735631.498,656819.644
HOLX,2008-08-07,2019-07-31,18,2005-07-15,2020-07-10,732103.881,252450.591
ARCH,2008-05-09,2019-10-22,32,2005-07-15,2020-07-10,730399.192,1079246.123
MLM,2008-05-06,2018-05-08,30,2005-07-15,2020-07-10,726649.586,330379.169
VNO,2008-08-05,2019-10-28,35,2005-07-15,2020-07-10,721256.032,392598.914
HSY,2012-05-09,2019-10-24,24,2005-07-15,2020-07-10,718171.868,356380.538
WPX,2012-11-01,2018-11-01,19,2011-12-12,2020-07-10,715889.367,416204.161
CREE,2010-01-20,2019-10-31,29,2005-07-15,2020-07-10,715459.247,296424.294
LNG,2010-08-05,2019-10-31,29,2005-07-15,2020-07-10,713482.591,265931.683
TAP,2008-05-06,2019-10-30,36,2005-07-15,2020-07-10,713402.723,216625.086
IVZ,2009-05-08,2019-10-23,34,2007-05-24,2020-07-10,713217.005,326942.705
DVA,2011-08-04,2019-11-06,22,2005-07-15,2020-07-10,713024.32,281049.163
HAS,2016-05-04,2019-10-22,12,2010-12-21,2020-07-10,711896.138,505667.425
DGX,2008-04-24,2019-10-23,36,2005-07-15,2020-07-10,707857.359,371059.567
ATI,2008-05-09,2013-05-06,13,2005-07-15,2020-07-10,704577.743,510515.465
BG,2008-11-10,2019-10-30,28,2005-07-15,2020-07-10,701472.608,390094.631
ESTC,2018-12-12,2019-12-09,4,2018-10-05,2020-07-10,691897.206,430515.891
ENDP,2014-05-09,2019-11-04,18,2005-07-15,2020-07-10,691255.901,331545.088
JBLU,2008-04-25,2019-10-25,34,2005-07-15,2020-07-10,685405.637,419119.977
DOV,2008-04-23,2019-10-17,34,2005-07-15,2020-07-10,682417.562,238953.712
GPN,2009-04-06,2019-10-31,30,2005-07-15,2020-07-10,674796.51,290731.308
MUR,2010-11-05,2019-10-31,28,2005-07-15,2020-07-10,673774.168,472807.473
INVH,2017-05-12,2019-10-30,9,2017-02-01,2020-07-10,671718.301,297149.255
MTCH,2016-05-10,2019-11-07,12,2005-07-15,2020-07-10,671670.621,731334.611
TTWO,2008-03-11,2019-11-07,36,2005-07-15,2020-07-10,670527.664,344363.603
PTEN,2008-05-05,2019-04-29,28,2005-07-15,2020-07-10,669499.941,748309.61
LW,2017-01-10,2019-10-02,9,2016-11-01,2020-07-10,667757.833,472425.546
HRI,2008-05-09,2019-10-23,34,2006-11-16,2020-07-10,660867.674,318339.643
KBH,2008-04-09,2011-04-11,10,2005-07-15,2020-07-10,652815.083,1324601.798
CBRE,2008-05-12,2009-11-09,6,2005-07-15,2020-07-10,647020.531,271497.883
GH,2018-11-19,2019-11-07,4,2018-10-04,2020-07-10,643191.977,522002.761
EXPD,2011-08-05,2019-05-08,24,2005-07-15,2020-07-10,629717.717,426769.448
GRPN,2012-05-14,2019-11-04,25,2011-11-07,2020-07-10,627112.383,542458.45
EQH,2018-06-19,2019-11-07,6,2018-05-10,2020-07-10,625436.046,508641.774
EMN,2008-04-29,2019-11-01,36,2005-07-15,2020-07-10,623410.412,252846.003
LHX,2008-02-05,2019-10-31,36,2005-07-15,2020-07-10,618128.891,219427.514
KEYS,2015-03-05,2019-08-30,15,2014-10-20,2020-07-10,610890.988,396306.13
GRMN,2018-08-01,2019-05-01,3,2005-07-15,2020-07-10,608039.747,394309.203
TDC,2011-05-06,2019-11-12,27,2007-09-12,2020-07-10,602904.029,331262.052
AEO,2009-06-04,2019-06-06,11,2007-03-08,2020-07-10,596615.778,602448.908
STLD,2008-05-07,2019-10-31,22,2005-07-15,2020-07-10,596496.02,249684.202
WAT,2008-05-02,2019-10-30,24,2005-07-15,2020-07-10,595590.247,292073.228
VOYA,2013-05-23,2019-11-06,21,2013-05-02,2020-07-10,594597.109,373235.227
AES,2008-05-08,2019-11-05,36,2005-07-15,2020-07-10,594269.768,252545.659
VAR,2009-05-12,2019-08-07,21,2005-07-15,2020-07-10,590571.147,447530.786
AR,2014-05-07,2019-10-29,18,2013-10-10,2020-07-10,590303.623,619316.898
GME,2010-06-09,2011-06-08,4,2005-07-15,2020-07-10,588936.685,298105.688
HP,2008-02-06,2019-07-26,30,2005-07-15,2020-07-10,580831.506,264668.797
HDS,2013-09-09,2019-12-09,20,2013-06-27,2020-07-10,578856.169,312191.41
USFD,2016-08-09,2019-08-06,9,2016-05-26,2020-07-10,575906.168,260778.979
IPG,2008-07-30,2019-10-25,35,2005-07-15,2020-07-10,573065.373,269123.929
GNW,2008-04-29,2019-07-31,12,2005-07-15,2020-07-10,572416.803,608536.295
DKS,2008-05-22,2019-11-26,36,2005-07-15,2020-07-10,571644.578,207956.349
JBHT,2008-04-30,2009-10-28,6,2005-07-15,2020-07-10,563259.423,270922.905
L,2009-11-02,2019-10-28,31,2005-07-15,2020-07-10,563193.238,462092.401
QRTEA,2008-05-08,2019-11-12,27,2006-05-04,2020-07-10,562173.667,508449.757
AXTA,2014-11-14,2019-10-25,16,2014-11-12,2020-07-10,561198.182,421387.827
TEX,2011-04-28,2017-11-01,21,2005-07-15,2020-07-10,554315.321,282966.455
LM,2012-08-07,2019-11-08,23,2005-07-15,2020-07-10,553614.674,813745.013
ATH,2017-05-11,2019-11-05,9,2016-12-09,2020-07-10,553068.677,590724.028
TER,2008-05-08,2008-11-07,3,2005-07-15,2020-07-10,544979.839,418734.628
NDAQ,2009-05-08,2019-11-06,29,2005-07-15,2020-07-10,544589.84,392434.694
VRSK,2009-11-16,2019-04-30,11,2009-10-07,2020-07-10,536771.577,332545.468
EFX,2008-04-29,2019-10-24,25,2005-07-15,2020-07-10,531724.752,208635.941
UHS,2015-11-06,2019-05-08,10,2005-07-15,2020-07-10,531083.328,313870.444
DNR,2008-05-06,2019-11-07,36,2005-07-15,2020-07-10,529206.96,218986.163
CIT,2011-05-10,2019-11-01,13,2009-12-11,2020-07-10,528609.29,722171.161
CDNS,2010-08-04,2019-10-21,29,2005-07-15,2020-07-10,523007.99,273780.027
VIAV,2010-11-12,2019-11-05,31,2006-10-17,2020-07-10,518220.558,834070.654
WSM,2008-06-11,2019-12-12,36,2005-07-15,2020-07-10,515535.403,251682.964
AMG,2008-05-07,2013-05-07,16,2005-07-15,2020-07-10,513564.208,339352.702
AVLR,2018-08-09,2019-11-05,5,2018-06-15,2020-07-10,510750.29,247805.909
CC,2015-08-06,2018-11-02,12,2015-06-19,2020-07-10,502581.365,218790.408
THC,2008-05-06,2019-11-04,36,2005-07-15,2020-07-10,493858.917,262149.862
IAA,2019-08-13,2019-11-25,3,2019-06-17,2020-07-10,493497.312,466818.661
TPX,2013-11-08,2019-11-07,19,2005-07-15,2020-07-10,489945.098,238659.84
BJ,2018-09-07,2019-11-27,5,2018-06-28,2020-07-10,487310.37,417108.275
UTHR,2008-05-01,2019-10-30,34,2005-07-15,2020-07-10,484744.961,317769.341
DNKN,2012-08-03,2019-11-06,23,2011-07-27,2020-07-10,483098.887,306417.609
COO,2008-03-07,2019-08-30,36,2005-07-15,2020-07-10,477397.194,445970.56
ACIA,2016-08-11,2019-10-30,10,2016-05-13,2020-07-10,471923.744,1136217.04
UNM,2008-05-02,2019-10-30,30,2005-07-15,2020-07-10,469898.427,272176.517
ASH,2017-01-27,2018-08-01,6,2005-07-15,2020-07-10,460770.538,294020.906
IR,2017-08-04,2019-10-30,7,2017-05-12,2020-07-10,459523.316,215441.102
PK,2017-05-04,2019-05-06,7,2016-12-13,2020-07-10,459110.64,401977.18
CDAY,2018-05-24,2019-11-07,6,2018-04-26,2020-07-10,457998.981,238088.467
KNX,2012-11-07,2019-11-06,22,2010-12-16,2020-07-10,455978.676,232387.312
MTG,2008-08-11,2019-11-06,15,2005-07-15,2020-07-10,452101.62,435325.636
ALLE,2014-04-30,2019-10-24,18,2013-11-18,2020-07-10,450329.011,426314.449
JBL,2008-07-08,2019-01-09,14,2005-07-15,2020-07-10,450120.127,362345.77
CTAS,2008-01-04,2019-10-08,32,2005-07-15,2020-07-10,444616.48,287069.217
CROX,2008-05-12,2019-10-30,34,2006-02-08,2020-07-10,444028.354,276285.814
TGNA,2008-04-30,2019-11-07,29,2005-07-15,2020-07-10,443701.666,486520.596
MBI,2009-08-06,2019-11-05,25,2005-07-15,2020-07-10,439359.33,525697.48
CCK,2008-05-09,2019-10-31,31,2005-07-15,2020-07-10,435784.279,218355.91
WH,2018-06-11,2019-10-29,6,2018-05-18,2020-07-10,432745.071,476661.974
CDK,2014-11-13,2019-11-05,16,2014-09-22,2020-07-10,432022.921,604026.101
SPR,2008-05-02,2019-10-31,36,2006-11-21,2020-07-10,431687.771,348781.508
BHF,2017-08-15,2019-11-05,8,2017-07-17,2020-07-10,431184.179,480018.458
SHAK,2015-05-15,2019-11-04,15,2015-01-30,2020-07-10,428215.695,496243.98
PBF,2013-05-09,2019-10-31,21,2012-12-13,2020-07-10,427708.021,235249.834
FOX,2019-05-10,2019-05-10,1,2019-03-13,2020-07-10,425952.28,478581.417
PNR,2008-04-22,2013-10-22,7,2005-07-15,2020-07-10,425809.218,201431.824
SFM,2013-08-23,2019-05-02,18,2013-08-01,2020-07-10,422805.756,314355.592
CLDR,2017-06-09,2019-12-06,9,2017-04-28,2020-07-10,415795.859,232281.221
SNPS,2008-03-11,2019-08-26,23,2005-07-15,2020-07-10,412964.338,214246.497
PSTG,2016-06-03,2019-12-09,12,2015-10-07,2020-07-10,406795.843,213777.899
TW,2019-05-20,2019-11-08,3,2019-04-04,2020-07-10,405266.501,371761.173
NWSA,2014-11-06,2019-11-08,12,2013-06-19,2020-07-10,404700.655,882365.637
ETRN,2018-12-03,2019-11-05,4,2018-10-31,2020-07-10,403733.151,367399.316
CYH,2008-05-02,2018-07-27,26,2005-07-15,2020-07-10,402198.897,267889.852
OI,2008-05-09,2019-10-29,31,2005-07-18,2020-07-10,398883.844,292265.903
FND,2017-05-25,2019-11-01,9,2017-04-27,2020-07-10,397746.823,229939.42
NCR,2009-10-30,2011-07-29,3,2005-07-15,2020-07-10,397090.002,448278.963
RE,2009-05-11,2009-08-10,2,2005-07-15,2020-07-10,393298.451,320639.081
EPC,2011-04-29,2019-08-06,26,2005-07-15,2020-07-10,390063.94,263177.153
RHI,2014-10-31,2019-11-12,16,2005-07-15,2020-07-10,386852.986,218603.845
AN,2008-04-24,2019-10-29,34,2005-07-15,2020-07-10,379453.7,218781.186
EAT,2008-01-31,2019-10-30,36,2005-07-15,2020-07-10,353105.714,201935.475
KBR,2008-05-02,2019-10-30,37,2006-11-16,2020-07-10,349957.857,525038.503
PENN,2008-05-12,2019-11-07,34,2005-07-15,2020-07-10,346275.237,254383.951
NAV,2009-03-11,2019-09-03,33,2005-07-15,2020-07-10,344258.784,212434.65
BOX,2015-06-12,2019-06-06,12,2015-01-23,2020-07-10,339082.922,232732.531
RDN,2011-05-10,2019-11-12,27,2005-07-15,2020-07-10,338021.556,298935.234
EXP,2008-02-05,2019-01-29,28,2005-07-15,2020-07-10,335915.6,293254.468
CDE,2008-05-12,2019-11-04,35,2005-07-18,2020-07-10,330118.529,251684.328
SYNA,2008-02-07,2018-11-08,27,2005-07-15,2020-07-10,329410.758,202726.278
DLPH,2018-05-09,2019-10-31,6,2017-11-21,2020-07-10,326033.471,517484.304
WCC,2008-05-12,2019-11-01,34,2005-07-15,2020-07-10,321460.585,219732.117
BC,2012-05-04,2019-10-30,24,2005-07-15,2020-07-10,316371.023,277331.78
OIS,2008-05-01,2019-10-28,16,2005-07-15,2020-07-10,316356.376,234403.594
SPWR,2009-05-08,2019-10-30,31,2008-09-22,2020-07-10,314844.315,313825.353
PLCE,2009-06-04,2019-12-11,5,2005-07-15,2020-07-10,310094.899,270587.903
NAVI,2014-05-09,2019-11-01,16,2014-04-17,2020-07-10,301068.303,338063.599
PS,2018-08-01,2019-10-30,5,2018-05-17,2020-07-10,299149.964,202350.239
CAKE,2008-04-24,2019-11-08,35,2005-07-15,2020-07-10,297618.757,203083.946
RMBS,2008-05-02,2019-11-08,33,2005-07-15,2020-07-10,297289.942,890271.397
HGV,2017-05-04,2017-05-04,1,2016-12-14,2020-07-10,296151.04,209767.609
CRL,2008-05-07,2019-11-06,36,2005-07-15,2020-07-10,293585.044,239726.612
RNR,2012-05-03,2015-11-05,12,2005-07-15,2020-07-10,293469.773,254466.91
NKTR,2008-05-08,2019-05-08,14,2005-07-15,2020-07-10,292359.777,276079.242
CVET,2019-05-15,2019-11-12,3,2019-02-05,2020-07-10,287872.196,378963.717
CHS,2008-05-28,2019-11-27,36,2005-07-15,2020-07-10,287430.7,597531.115
ACM,2008-02-13,2019-08-07,37,2007-05-10,2020-07-10,287096.822,245631.611
LAMR,2008-05-08,2013-11-06,12,2005-07-15,2020-07-10,284762.093,245234.813
ALKS,2011-11-03,2018-10-23,22,2005-07-15,2020-07-10,284006.143,273033.941
GLPI,2013-11-25,2019-11-01,21,2013-10-14,2020-07-10,280712.973,236959.331
ENR,2015-08-11,2019-08-07,13,2015-06-12,2020-07-10,277697.267,221035.95
SPXC,2010-05-05,2019-10-30,30,2005-07-15,2020-07-10,277114.525,233402.011
SC,2014-08-07,2019-10-31,21,2014-01-23,2020-07-10,274557.548,353786.72
PDCO,2008-03-06,2019-12-05,36,2005-07-15,2020-07-10,270959.799,255722.901
VVV,2017-02-13,2018-08-02,6,2016-09-23,2020-07-10,270899.919,304726.038
PD,2019-06-07,2019-12-06,3,2019-04-11,2020-07-10,266723.209,261628.659
LIVN,2015-11-06,2019-10-30,15,2015-10-19,2020-07-10,261583.905,205975.886
BYD,2010-10-27,2019-11-07,28,2005-07-15,2020-07-10,250887.397,336166.071
NBIX,2008-05-01,2019-04-29,20,2005-07-15,2020-07-10,246801.015,300476.608
WRB,2008-08-08,2019-11-07,31,2006-11-16,2020-07-10,246611.337,280230.633
PRSP,2018-08-14,2019-11-13,5,2018-05-24,2020-07-10,245644.627,355316.26
CARS,2017-06-20,2019-05-10,6,2017-05-18,2020-07-10,243551.608,436689.992
SLAB,2008-04-30,2019-10-23,35,2005-07-15,2020-07-10,243454.36,427489.001
CLGX,2009-05-01,2019-10-24,31,2005-07-18,2020-07-10,240944.417,213938.054
SONO,2018-09-11,2019-08-08,4,2018-08-02,2020-07-10,239303.334,242022.568
HLX,2008-05-02,2019-10-23,26,2006-03-06,2020-07-10,237432.101,494369.241
JHG,2017-08-08,2019-10-30,7,2017-05-30,2020-07-10,237086.781,230984.492
MUSA,2013-11-08,2019-10-31,19,2013-08-19,2020-07-10,235484.222,230004.423
AVYA,2018-03-02,2019-08-13,6,2017-12-19,2020-07-10,235030.554,229674.398
RDFN,2017-09-08,2019-11-06,8,2017-07-28,2020-07-10,234179.192,255842.423
CLNY,2017-05-10,2019-11-08,9,2017-01-11,2020-07-10,228036.893,353340.71
REZI,2018-11-13,2019-05-08,2,2018-10-15,2020-07-10,227985.631,312953.363
UFS,2008-05-09,2018-11-08,33,2007-03-07,2020-07-10,225032.67,290016.323
ITRI,2008-05-05,2019-11-04,22,2005-07-15,2020-07-10,223971.817,205784.305
BH,2018-05-04,2019-11-01,6,2010-04-09,2020-07-10,219384.302,309661.153
NYT,2011-05-05,2019-11-06,27,2005-07-15,2020-07-10,213205.698,238977.462
DNOW,2014-08-08,2018-11-01,13,2014-05-20,2020-07-10,211991.859,575599.376
FTDR,2018-11-06,2018-11-06,1,2018-09-13,2020-07-10,209327.303,216635.231
LTHM,2018-11-06,2019-11-06,4,2018-10-11,2020-07-10,207654.668,268533.744
NVAX,2008-05-12,2019-08-07,16,2005-07-15,2020-07-10,204490.723,245114.216
OUT,2014-05-08,2019-11-05,18,2014-03-28,2020-07-10,198460.404,335492.325
JBGS,2018-05-09,2019-11-05,6,2017-07-06,2020-07-10,194366.506,230668.77
IPI,2009-05-08,2011-11-03,8,2008-04-22,2020-07-10,192584.085,1108122.697
FICO,2008-02-08,2019-07-31,33,2005-07-15,2020-07-10,192565.612,223185.558
OSTK,2008-08-04,2019-11-12,36,2005-07-15,2020-07-10,186544.769,201924.611
BZH,2008-05-15,2019-08-01,34,2005-07-15,2020-07-10,184832.177,802815.966
MTH,2008-05-09,2019-10-28,22,2005-07-15,2020-07-10,183163.259,359764.924
KN,2014-05-12,2019-10-28,18,2014-02-14,2020-07-10,182876.484,388749.436
HOV,2015-06-09,2019-09-05,11,2005-07-15,2020-07-10,179173.074,608631.764
ADT,2018-05-09,2019-11-12,6,2018-01-19,2020-07-10,178762.728,330853.976
GOGO,2018-08-08,2018-08-08,1,2013-06-21,2020-07-10,173838.059,442343.055
MDC,2008-05-02,2019-10-30,11,2005-07-15,2020-07-10,173462.257,274298.654
TALO,2018-08-09,2019-05-08,3,2005-07-15,2020-07-10,166549.731,210818.389
JOE,2010-11-02,2019-10-30,25,2005-07-15,2020-07-10,166265.27,409027.066
JELD,2017-05-12,2019-11-06,9,2017-01-27,2020-07-10,158572.214,220070.754
MSTR,2008-08-05,2019-04-30,25,2005-07-15,2020-07-10,150943.58,303153.237
AVNS,2015-05-05,2019-11-05,12,2014-10-21,2020-07-10,149691.115,286258.471
ADTN,2009-11-04,2018-08-03,24,2005-07-15,2020-07-10,148278.402,239544.89
AROC,2008-05-08,2019-10-30,32,2007-08-21,2020-07-10,142024.248,374031.164
GSKY,2018-08-10,2019-11-14,5,2018-05-24,2020-07-10,139935.489,244404.013
LOCO,2014-09-04,2019-11-01,15,2014-07-25,2020-07-10,135451.469,709356.517
VNE,2018-07-27,2019-10-23,5,2018-06-11,2020-07-10,132624.518,216396.626
SANM,2008-01-31,2019-08-01,31,2005-07-15,2020-07-10,131278.641,286574.443
AMRX,2018-05-15,2019-11-06,6,2018-05-07,2020-07-10,129440.906,217862.664
RRGB,2008-05-23,2019-11-05,36,2005-07-15,2020-07-10,116217.301,219835.282
NWS,2014-11-06,2019-11-08,12,2013-06-19,2020-07-10,110796.463,211585.633
RBBN,2017-10-26,2019-10-31,7,2005-07-15,2020-07-10,91167.609,214551.665
BCRX,2008-05-09,2019-11-08,32,2005-07-15,2020-07-10,77873.606,326546.355
AVID,2008-11-07,2012-11-09,5,2005-07-15,2020-07-10,64440.427,359962.548
BOOM,2008-05-02,2019-10-24,36,2005-07-15,2020-07-10,60857.534,288116.624
GEC,2008-07-07,2019-11-12,28,2005-07-15,2020-07-10,57797.545,296606.982
NDLS,2013-08-09,2019-11-07,20,2013-06-28,2020-07-10,53155.224,203902.255
TCS,2014-07-11,2019-10-30,15,2013-11-01,2020-07-10,45422.231,208458.847
CPST,2008-02-11,2019-11-07,37,2005-07-15,2020-07-10,38968.234,202720.2
